site,ref_aa,n_mutations,n_unique_aa,aa_variants,mutation_freq,n_synonymous,n_nonsynonymous,postmean_w,p_w_gt1,is_beb,beb_95,beb_99,beb_prob,beb_omega
1,L,10,3,"L(16), V(8), M(2)",0.38461538461538464,0,10,0.421,0.0,False,False,False,,
2,Q,12,3,"Q(14), W(11), E(1)",0.46153846153846156,0,12,0.392,0.0,False,False,False,,
3,S,11,2,"S(15), W(11)",0.4230769230769231,0,11,0.616,0.001,False,False,False,,
4,P,13,4,"P(15), Q(8), K(2), E(2)",0.48148148148148145,1,12,0.604,0.001,False,False,False,,
5,Q,11,3,"Q(15), G(10), E(1)",0.4230769230769231,0,11,2.395,0.739,True,False,False,0.893,2.386
6,Q,24,3,"E(14), K(10), Q(2)",0.9230769230769231,0,24,1.434,0.231,False,False,False,,
7,P,10,2,"P(16), H(10)",0.38461538461538464,0,10,1.514,0.274,True,False,False,0.535,1.754
8,L,13,4,"L(14), F(11), H(1), C(1)",0.48148148148148145,0,13,1.081,0.045,False,False,False,,
9,H,13,4,"H(14), S(11), C(1), P(1)",0.48148148148148145,0,13,0.899,0.004,False,False,False,,
10,G,5,5,"G(22), E(2), W(1), R(1), D(1)",0.18518518518518517,0,5,0.924,0.004,False,False,False,,
11,-,0,0,,0.0,0,0,0.748,0.002,False,False,False,,
12,A,1,2,"A(24), V(1)",0.04,0,1,2.839,0.974,True,True,True,0.991,2.562
13,G,3,2,"G(22), A(1)",0.13043478260869565,2,1,1.148,0.087,False,False,False,,
14,H,5,5,"H(18), P(2), E(1), G(1), Q(1)",0.21739130434782608,0,5,2.048,0.555,True,False,False,0.777,2.179
15,R,11,4,"R(12), I(8), V(2), C(1)",0.4782608695652174,0,11,2.886,0.999,True,True,True,1.0,2.578
16,A,9,3,"A(14), P(8), G(1)",0.391304347826087,0,9,2.869,0.99,True,True,True,0.997,2.572
17,A,11,4,"A(12), S(9), C(1), I(1)",0.4782608695652174,0,11,1.52,0.276,True,False,False,0.584,1.84
18,A,12,4,"A(12), S(10), V(1), C(1)",0.5,0,12,2.856,0.983,True,True,True,0.994,2.568
19,G,7,3,"G(24), D(6), C(1)",0.22580645161290322,0,7,2.289,0.683,True,False,False,0.862,2.33
20,R,19,3,"R(13), S(13), N(5)",0.6129032258064516,1,18,1.905,0.48,True,False,False,0.709,2.058
21,E,19,6,"E(12), F(8), V(4), S(4), T(2), Y(1)",0.6129032258064516,0,19,1.055,0.035,False,False,False,,
22,L,19,4,"P(16), L(13), A(1), S(1)",0.6129032258064516,1,18,1.152,0.085,False,False,False,,
23,C,18,4,"S(16), C(13), A(1), G(1)",0.5806451612903226,0,18,2.888,1.0,True,True,True,1.0,2.578
24,R,19,3,"L(18), R(12), I(1)",0.6129032258064516,0,19,0.407,0.0,False,False,False,,
25,-,0,0,,0.0,0,0,0.745,0.002,False,False,False,,
26,-,0,0,,0.0,0,0,0.974,0.008,False,False,False,,
27,-,0,0,,0.0,0,0,0.951,0.012,False,False,False,,
28,-,0,0,,0.0,0,0,1.07,0.043,False,False,False,,
29,-,0,0,,0.0,0,0,2.636,0.867,True,False,False,0.949,2.487
30,-,0,0,,0.0,0,0,1.172,0.093,False,False,False,,
31,-,0,0,,0.0,0,0,0.836,0.006,False,False,False,,
32,-,0,0,,0.0,0,0,0.607,0.001,False,False,False,,
33,-,0,0,,0.0,0,0,2.774,0.94,True,True,False,0.978,2.539
34,-,0,0,,0.0,0,0,2.84,0.975,True,True,True,0.992,2.564
35,-,0,0,,0.0,0,0,1.008,0.013,False,False,False,,
36,-,0,0,,0.0,0,0,2.426,0.756,True,False,False,0.884,2.372
37,-,0,0,,0.0,0,0,0.382,0.0,False,False,False,,
38,-,0,0,,0.0,0,0,1.113,0.062,False,False,False,,
39,-,0,0,,0.0,0,0,0.969,0.017,False,False,False,,
40,-,0,0,,0.0,0,0,2.456,0.772,True,False,False,0.9,2.4
41,-,0,0,,0.0,0,0,2.546,0.819,True,False,False,0.922,2.44
42,-,0,0,,0.0,0,0,2.47,0.779,True,False,False,0.902,2.404
43,-,0,0,,0.0,0,0,1.019,0.02,False,False,False,,
44,-,0,0,,0.0,0,0,0.822,0.006,False,False,False,,
45,-,0,0,,0.0,0,0,1.45,0.24,False,False,False,,
46,V,21,9,"R(8), V(4), L(3), T(3), I(2), M(2), G(1), K(1), N(1)",0.84,0,21,1.079,0.053,False,False,False,,
47,S,21,5,"D(8), P(8), S(6), G(4), A(1)",0.7777777777777778,0,21,1.084,0.046,False,False,False,,
48,L,25,4,"L(15), I(8), P(3), S(3)",0.8620689655172413,11,14,2.381,0.732,True,False,False,0.873,2.352
49,E,27,6,"L(17), V(4), M(3), E(2), K(2), G(1)",0.9310344827586207,0,27,0.724,0.006,False,False,False,,
50,-,0,0,,0.0,0,0,0.775,0.0,False,False,False,,
51,L,27,4,"L(22), P(5), F(1), G(1)",0.9310344827586207,20,7,1.818,0.434,True,False,False,0.712,2.062
52,V,26,6,"T(11), M(7), A(6), V(3), L(1), K(1)",0.896551724137931,0,26,2.445,0.765,True,False,False,0.898,2.395
53,E,21,2,"K(17), E(16)",0.6363636363636364,4,17,1.13,0.077,False,False,False,,
54,K,30,6,"A(13), E(8), T(6), K(3), R(2), M(1)",0.9090909090909091,0,30,1.013,0.035,False,False,False,,
55,I,28,7,"H(13), Q(11), I(5), L(1), T(1), Y(1), N(1)",0.8484848484848485,0,28,0.586,0.001,False,False,False,,
56,L,30,4,"P(28), L(3), T(1), S(1)",0.9090909090909091,0,30,0.481,0.0,False,False,False,,
57,A,14,6,"A(19), S(5), C(4), T(3), D(1), V(1)",0.42424242424242425,0,14,0.836,0.003,False,False,False,,
58,P,28,5,"D(15), A(10), P(5), E(2), G(1)",0.8484848484848485,0,28,0.856,0.008,False,False,False,,
59,T,20,5,"V(15), T(13), A(2), L(2), P(1)",0.6060606060606061,0,20,0.404,0.0,False,False,False,,
60,F,29,5,"V(14), L(12), F(4), A(2), Q(1)",0.8787878787878788,0,29,0.428,0.0,False,False,False,,
61,L,19,6,"L(20), M(7), V(2), I(2), Y(1), A(1)",0.5757575757575758,6,13,0.872,0.012,False,False,False,,
62,A,29,5,"A(11), T(10), P(8), S(3), L(1)",0.8787878787878788,7,22,0.733,0.002,False,False,False,,
63,L,20,2,"L(32), V(1)",0.6060606060606061,19,1,0.397,0.0,False,False,False,,
